{
		"path": {
			"width": 0.45832,
			"height": 1.0
		},
		"small": {
			"width": 0.08642666667,
			"height": 0.04110944528
		},
		"medium": {
			"width": 0.2492533333,
			"height": 0.08379310345
		}, 
		"large": {
			"width": 0.3210736842,
			"height": 0.1241529235
		}
}
