{
		"path": {
			"width": 0.45832,
			"height": 1.0,
			"position": [
				{
					"top": 0.0,
					"left": 0.378784
				}
			]
		},
		"small": {
			"width": 0.08642666667,
			"height": 0.04110944528,
			"position":[
				{
					"top": 0.03673163418,
					"left": 0.2629333333
				},
				{
					"top": 0.03808095952,
					"left": 0.5466666667
				}
			]
		},
		"medium": {
			"width": 0.2492533333,
			"height": 0.08379310345,
			"position":[
				{
					"top": 0.5352323838,
					"left": 0.1944
				}
			]
		}, 
		"large": {
			"width": 0.3210736842,
			"height": 0.1241529235,
			"position": [
				{
					"top": 0.167916042,
					"left": 0.216
				}
			]
		}
}
